prompt_type,mean,std,count,token_reduction,efficiency_percent,more_efficient_than_english
arabic,573.5,107.43835441777765,4,7.7000000000000455,1.3248451479697256,True
chinese,516.4,58.36351600100871,5,64.80000000000007,11.149346180316597,True
english,581.2,113.84287417313391,5,0.0,0.0,False
finnish,599.8,149.50819375539257,5,-18.59999999999991,-3.2002752924982634,False
german,573.4,93.42001926782075,5,7.800000000000068,1.3420509291121934,True
japanese,504.25,83.91414263003188,4,76.95000000000005,13.239848589125952,True
korean,583.25,38.38728087965249,4,-2.0499999999999545,-0.3527185134205014,False
russian,541.0,79.46907155197758,4,40.200000000000045,6.9167240192704815,True
strategic,534.0,46.88283267892417,4,47.200000000000045,8.121128699242954,True
