prompt_type,mean,std,count,token_reduction,efficiency_percent,more_efficient_than_english
arabic,587.0,127.36168968728391,3,-13.0,-2.264808362369338,False
chinese,516.0,67.38446903157036,4,58.0,10.104529616724738,True
english,574.0,130.13326502730447,4,0.0,0.0,False
finnish,533.25,16.66083231214256,4,40.75,7.099303135888501,True
german,524.0,84.33860326090301,3,50.0,8.710801393728223,True
japanese,510.3333333333333,101.68742957383343,3,63.666666666666686,11.091753774680607,True
korean,567.3333333333334,26.274195198584753,3,6.666666666666629,1.161440185830423,True
russian,511.6666666666667,65.65312889218102,3,62.333333333333314,10.859465737514515,True
strategic,517.3333333333334,40.377386410382414,3,56.66666666666663,9.872241579558647,True
