metric,anthropic,deepseek,difference
Chinese Efficiency vs English,-3.9929652807858242,18.143621084797555,22.13658636558338
