{
  "aggregated_by_prompt_model": {
    "chinese": {
      "claude-3-5-sonnet-20240620": {
        "input_tokens": {
          "mean": 137.5,
          "std": 3.5355339059327378,
          "median": 137.5,
          "count": 2
        },
        "output_tokens": {
          "mean": 370.0,
          "std": 26.870057685088806,
          "median": 370.0,
          "count": 2
        },
        "total_tokens": {
          "mean": 507.5,
          "std": 23.33452377915607,
          "median": 507.5,
          "count": 2
        },
        "response_time": {
          "mean": 5.417819380760193,
          "std": 0.6779234603406343,
          "median": 5.417819380760193,
          "count": 2
        },
        "response_bits_per_token": {
          "mean": 7.1913221947313675,
          "std": 0.39893449287454846,
          "median": 7.1913221947313675,
          "count": 2
        },
        "response_chinese_ratio": {
          "mean": 0.35259103641456585,
          "std": 0.11042353795840343,
          "median": 0.35259103641456585,
          "count": 2
        },
        "response_compression_ratio": {
          "mean": 0.6579318230163795,
          "std": 0.07127849945432359,
          "median": 0.6579318230163795,
          "count": 2
        },
        "response_chinese_chars_per_token": {
          "mean": 0.4429833234460484,
          "std": 0.11880661691678263,
          "median": 0.4429833234460484,
          "count": 2
        }
      }
    },
    "english": {
      "claude-3-5-sonnet-20240620": {
        "input_tokens": {
          "mean": 70.5,
          "std": 3.5355339059327378,
          "median": 70.5,
          "count": 2
        },
        "output_tokens": {
          "mean": 545.5,
          "std": 132.22896808188437,
          "median": 545.5,
          "count": 2
        },
        "total_tokens": {
          "mean": 616.0,
          "std": 135.7645019878171,
          "median": 616.0,
          "count": 2
        },
        "response_time": {
          "mean": 6.993585467338562,
          "std": 1.509981486020883,
          "median": 6.993585467338562,
          "count": 2
        },
        "response_bits_per_token": {
          "mean": 12.285944347271801,
          "std": 1.4607007927836801,
          "median": 12.285944347271801,
          "count": 2
        },
        "response_chinese_ratio": {
          "mean": 0.0,
          "std": 0.0,
          "median": 0.0,
          "count": 2
        },
        "response_compression_ratio": {
          "mean": 1.0,
          "std": 0.0,
          "median": 1.0,
          "count": 2
        },
        "response_chinese_chars_per_token": {
          "mean": 0.0,
          "std": 0.0,
          "median": 0.0,
          "count": 2
        }
      }
    }
  },
  "cross_validation_results": {
    "mean": 561.75,
    "std": 101.24022586567719,
    "median": 522.0,
    "min": 491,
    "max": 712,
    "sample_size": 4,
    "note": "Sample size too small for cross-validation"
  },
  "statistical_significance": {
    "english_vs_chinese": {
      "t_statistic": 1.1138755692440963,
      "p_value": 0.4575624901965382,
      "significant_at_0.05": 